OBJECTID,HECTARES,KM_SQ,NAME
1,16631.991369,166.319914,Forest
2,151840.506551,1518.405066,Agriculture in forest area
3,3866.13167,38.661317,Agriculture in forest area
4,81.636141,0.816361,Dambo area/agriculture
5,17.126809,0.171268,Forest
6,10649.626613,106.496266,Forest
7,2271887.72307,22718.877231,Water surface
8,206.13062,2.061306,Dambo area/agriculture
9,422.478836,4.224788,Dambo area/agriculture
10,203.559777,2.035598,Forest
11,296.459295,2.964593,Forest
12,207.502842,2.075028,Forest
13,4289.949828,42.899498,Forest
14,164.493098,1.644931,Forest
15,1947.818119,19.478181,Dambo area/agriculture
16,88.587433,0.885874,Dambo area/agriculture
17,6296.276178,62.962762,Forest
18,182.012328,1.820123,Dambo area/agriculture
19,2251.918331,22.519183,Forest
20,40.750072,0.407501,Dambo area/agriculture
21,385.027628,3.850276,Agriculture/settlement
22,3095.498731,30.954987,Forest
23,384.472512,3.844725,Dambo area/agriculture
24,684.666231,6.846662,Forest
25,0.695847,0.006958,Forest
26,1002.401638,10.024016,Forest
27,28.745459,0.287455,Dambo area/agriculture
28,6038.054162,60.380542,Plantation agriculture
29,10.18973,0.101897,Forest
30,303.421562,3.034216,Dambo area/agriculture
31,725.75175,7.257517,Forest
32,411.454548,4.114545,Dambo area/agriculture
33,235.269719,2.352697,Dambo area/agriculture
34,79.510316,0.795103,Dambo area/agriculture
35,513.681681,5.136817,Forest
36,1057.833369,10.578334,Forest
37,773.271916,7.732719,Forest
38,1289.234369,12.892344,Grass/Scrub
39,31.325506,0.313255,Dambo area/agriculture
40,586.357775,5.863578,Agriculture/settlement
41,3345.345491,33.453455,Dambo area/agriculture
42,155.945794,1.559458,Dambo area/agriculture
43,77.281325,0.772813,Dambo area/agriculture
44,859.65605,8.596561,Forest
45,2198.623819,21.986238,Grass/Scrub
46,666.298937,6.662989,Forest
47,304373.010596,3043.730106,Forest
48,257.560575,2.575606,Forest
49,139.871675,1.398717,Built-up area
50,61.305472,0.613055,Forest
51,2791.495978,27.91496,Dambo area/agriculture
52,20778.360281,207.783603,Agriculture/settlement
53,480.8884,4.808884,Dambo area/agriculture
54,1166.906078,11.669061,Forest
55,519.461338,5.194613,Agriculture in forest area
56,47.736909,0.477369,Forest
57,117.28835,1.172884,Dambo area/agriculture
58,155.748831,1.557488,Dambo area/agriculture
59,781.014378,7.810144,Forest
60,282.959656,2.829597,Agriculture/settlement
61,170.60375,1.706038,Agriculture in forest area
62,77.447812,0.774478,Dambo area/agriculture
63,1230.561684,12.305617,Agriculture/settlement
64,169.405103,1.694051,Agriculture in forest area
65,153.767053,1.537671,Dambo area/agriculture
66,97.413453,0.974135,Dambo area/agriculture
67,182.260216,1.822602,Forest
68,133.176009,1.33176,Dambo area/agriculture
69,467.770463,4.677705,Forest
70,375.904156,3.759042,Plantation agriculture
71,44.125469,0.441255,Dambo area/agriculture
72,208.803641,2.088036,Dambo area/agriculture
73,667.023594,6.670236,Dambo area/agriculture
74,86.785441,0.867854,Dambo area/agriculture
75,129.509216,1.295092,Forest
76,141.473087,1.414731,Forest
77,94.802428,0.948024,Forest
78,385.371419,3.853714,Forest
79,280.618881,2.806189,Dambo area/agriculture
80,181.322078,1.813221,Dambo area/agriculture
81,115.838512,1.158385,Grass/Scrub
82,4228.988994,42.28989,Grass/Scrub
83,26.678325,0.266783,Forest
84,23.471653,0.234717,Forest
85,296.552316,2.965523,Dambo area/agriculture
86,14075.821697,140.758217,Agriculture in forest area
87,22.382556,0.223826,Forest
88,440.181738,4.401817,Built-up area
89,1556.631228,15.566312,Agriculture in forest area
90,123.439303,1.234393,Forest
91,717.355659,7.173557,Agriculture in forest area
92,0.760341,0.007603,Grass/Scrub
93,4203.893609,42.038936,Agriculture in forest area
94,381.1403,3.811403,Dambo area/agriculture
95,1057.835303,10.578353,Forest
96,128.255741,1.282557,Plantation agriculture
97,31.888297,0.318883,Forest
98,8887.052316,88.870523,Grass/Scrub
99,376.070384,3.760704,Agriculture in forest area
100,875.1503,8.751503,Agriculture in forest area
101,12107.384775,121.073848,Grass/Scrub
102,248.983619,2.489836,Forest
103,76.353881,0.763539,Forest Plantation
104,490.657447,4.906574,Forest
105,614.800853,6.148009,Agriculture in forest area
106,460.092653,4.600927,Agriculture in forest area
107,5847.90235,58.479023,Agriculture in forest area
108,12028.162628,120.281626,Forest
109,60.838734,0.608387,Forest
110,1345.329609,13.453296,Agriculture in forest area
111,127.187184,1.271872,Forest
112,143.195909,1.431959,Dambo area/agriculture
113,6707.898128,67.078981,Agriculture in forest area
114,38.467569,0.384676,Forest Plantation
115,3832.458319,38.324583,Agriculture in forest area
116,1342.218963,13.42219,Agriculture/settlement
117,1643.403478,16.434035,Grass/Scrub
118,730.626887,7.306269,Grass/Scrub
119,2105.427363,21.054274,Forest
120,7111.444619,71.114446,Agriculture/settlement
121,3737.563678,37.375637,Agriculture/settlement
122,6715.886381,67.158864,Forest
123,46.949044,0.46949,Forest
124,1337.091747,13.370917,Forest
125,478.961813,4.789618,Forest
126,3026.9556,30.269556,Forest
127,276.718553,2.767186,Forest
128,3301.709234,33.017092,Forest
129,77793.92385,777.939238,Agriculture in forest area
130,160659.95224,1606.599522,Grass/Scrub
131,172.625531,1.726255,Forest
132,491.386356,4.913864,Plantation agriculture
133,458.212997,4.58213,Agriculture in forest area
134,89.795119,0.897951,Agriculture in forest area
135,6381.378566,63.813786,Agriculture/settlement
136,2343.901484,23.439015,Agriculture in forest area
137,467.405853,4.674059,Agriculture in forest area
138,862.636359,8.626364,Dambo area/agriculture
139,286.74905,2.867491,Agriculture in forest area
140,763.454834,7.634548,Agriculture in forest area
141,98.049728,0.980497,Forest Plantation
142,1018.543259,10.185433,Forest
143,134.766591,1.347666,Dambo area/agriculture
144,180.182534,1.801825,Forest
145,2020.353472,20.203535,Agriculture in forest area
146,3969.514622,39.695146,Forest
147,66.246178,0.662462,Forest
148,160.741616,1.607416,Agriculture/settlement
149,25513.068437,255.130684,Forest
150,315.992741,3.159927,Plantation agriculture
151,37.098297,0.370983,Forest
152,2346.399072,23.463991,Forest
153,800.726688,8.007267,Agriculture/settlement
154,762.086397,7.620864,Forest Plantation
155,1649.969031,16.49969,Forest
156,328.803666,3.288037,Agriculture/settlement
157,41078.223681,410.782237,Forest
158,1135.937525,11.359375,Agriculture/settlement
159,24069.611528,240.696115,Forest
160,16911.768069,169.117681,Forest
161,115737.371306,1157.373713,Forest
162,254.85635,2.548564,Forest
163,21707.005097,217.070051,Forest
164,736640.179281,7366.401793,Agriculture in forest area
165,1124.010969,11.24011,Agriculture/settlement
166,1037.516537,10.375165,Forest
167,95.003019,0.95003,Agriculture/settlement
168,667.518812,6.675188,Agriculture in forest area
169,142.675788,1.426758,Grass/Scrub
170,38444.609775,384.446098,Grass/Scrub
171,132.799381,1.327994,Dambo area/agriculture
172,51.120456,0.511205,Agriculture in forest area
173,452.909044,4.52909,Forest
174,749.502972,7.49503,Forest
175,8371.777472,83.717775,Forest
176,864.884925,8.648849,Dambo area/agriculture
177,647.192953,6.47193,Grass/Scrub
178,1177.419756,11.774198,Agriculture/settlement
179,243.917175,2.439172,Dambo area/agriculture
180,73.651275,0.736513,Dambo area/agriculture
181,906.249016,9.06249,Agriculture in forest area
182,7030.201003,70.30201,Agriculture/settlement
183,749.607116,7.496071,Forest
184,115.416066,1.154161,Agriculture in forest area
185,225.050975,2.25051,Forest
186,109.981841,1.099818,Dambo area/agriculture
187,197.38395,1.97384,Dambo area/agriculture
188,97.844566,0.978446,Forest
189,2379.946,23.79946,Forest
190,212.325363,2.123254,Built-up area
191,38.953659,0.389537,Agriculture in forest area
192,1258.258225,12.582582,Dambo area/agriculture
193,118.678909,1.186789,Dambo area/agriculture
194,77516.425909,775.164259,Forest
195,423.726338,4.237263,Built-up area
196,416.459134,4.164591,Forest
197,5316.006172,53.160062,Agriculture/settlement
198,127.130013,1.2713,Forest
199,936.272041,9.36272,Forest
200,75.049937,0.750499,Dambo area/agriculture
201,200724.593868,2007.245939,Agriculture in mainly grass area
202,1649.706909,16.497069,Forest
203,109.176016,1.09176,Dambo area/agriculture
204,365.265509,3.652655,Dambo area/agriculture
205,1389.023241,13.890232,Dambo area/agriculture
206,2443.795309,24.437953,Forest
207,1205.352344,12.053523,Forest
208,638.572788,6.385728,Agriculture/settlement
209,6018.149653,60.181497,Forest
210,856.29215,8.562921,Agriculture in forest area
211,214.545525,2.145455,Dambo area/agriculture
212,216.830662,2.168307,Forest
213,54.660509,0.546605,Dambo area/agriculture
214,1528.243756,15.282438,Dambo area/agriculture
215,314.73655,3.147365,Dambo area/agriculture
216,112.760063,1.127601,Forest
217,85.244819,0.852448,Forest
218,539.766809,5.397668,Agriculture/settlement
219,355.360609,3.553606,Forest
220,334.24735,3.342474,Forest
221,208.285403,2.082854,Agriculture/settlement
222,3700.408506,37.004085,Dambo area/agriculture
223,738.748169,7.387482,Agriculture/settlement
224,128.404766,1.284048,Forest
225,139.841803,1.398418,Forest
226,84.4708,0.844708,Forest
227,188.869581,1.888696,Forest
228,591.372025,5.91372,Forest
229,628.425331,6.284253,Forest
230,381.929441,3.819294,Dambo area/agriculture
231,296.539447,2.965394,Dambo area/agriculture
232,230.769291,2.307693,Agriculture/settlement
233,3182.017719,31.820177,Agriculture in forest area
234,871.668609,8.716686,Forest
235,17683.238941,176.832389,Dambo area/agriculture
236,568.208428,5.682084,Agriculture/settlement
237,4769.611466,47.696115,Forest
238,3480.948775,34.809488,Forest
239,75.999334,0.759993,Dambo area/agriculture
240,1398.438938,13.984389,Agriculture/settlement
241,4269.6294,42.696294,Forest
242,62.078334,0.620783,Dambo area/agriculture
243,482.642681,4.826427,Forest
244,215.055959,2.15056,Agriculture/settlement
245,555.246809,5.552468,Grass/Scrub
246,1980.889563,19.808896,Grass/Scrub
247,391.762231,3.917622,Forest
248,856.692803,8.566928,Agriculture/settlement
249,95.678841,0.956788,Forest
250,920.495534,9.204955,Dambo area/agriculture
251,736.340259,7.363403,Forest
252,1164.174163,11.641742,Dambo area/agriculture
253,591.459488,5.914595,Agriculture/settlement
254,798.758978,7.98759,Forest
255,750.963088,7.509631,Forest
256,956.5885,9.565885,Dambo area/agriculture
257,836.945891,8.369459,Agriculture/settlement
258,376.740091,3.767401,Forest
259,48.773281,0.487733,Dambo area/agriculture
260,156.405347,1.564053,Agriculture/settlement
261,148.646472,1.486465,Agriculture/settlement
262,90.828097,0.908281,Dambo area/agriculture
263,361.025803,3.610258,Forest
264,1002.166344,10.021663,Forest
265,64.212281,0.642123,Forest Plantation
266,258.830719,2.588307,Dambo area/agriculture
267,508.986112,5.089861,Dambo area/agriculture
268,654.630656,6.546307,Forest
269,84.231631,0.842316,Grass/Scrub
270,225.877338,2.258773,Agriculture/settlement
271,58.114397,0.581144,Agriculture Plantation
272,2663.669544,26.636695,Forest
273,166.5082,1.665082,Forest
274,1883.421997,18.83422,Agriculture/settlement
275,107.520963,1.07521,Agriculture/settlement
276,216.803381,2.168034,Forest
277,381.504966,3.81505,Forest
278,5996.311028,59.96311,Forest
279,114.236325,1.142363,Dambo area/agriculture
280,104.015312,1.040153,Dambo area/agriculture
281,32.256822,0.322568,Dambo area/agriculture
282,5692.569834,56.925698,Forest
283,94.583466,0.945835,Forest
284,817.901481,8.179015,Forest
285,740.910737,7.409107,Agriculture/settlement
286,579.791619,5.797916,Dambo area/agriculture
287,18.797528,0.187975,Dambo area/agriculture
288,7240.892969,72.40893,Forest
289,92.873544,0.928735,Dambo area/agriculture
290,104.541853,1.045419,Forest
291,1043.050241,10.430502,Forest
292,5198.048253,51.980483,Grass/Scrub
293,564.290431,5.642904,Grass/Scrub
294,790.002581,7.900026,Agriculture in forest area
295,149.638584,1.496386,Dambo area/agriculture
296,847.165531,8.471655,Forest
297,2812.645159,28.126452,Agriculture/settlement
298,59.581944,0.595819,Forest
299,280.195928,2.801959,Agriculture/settlement
300,891.137853,8.911379,Forest
301,9250.513306,92.505133,Forest
302,72.601309,0.726013,Dambo area/agriculture
303,249.341472,2.493415,Grass/Scrub
304,153.533197,1.535332,Dambo area/agriculture
305,144.695859,1.446959,Agriculture/settlement
306,57.234059,0.572341,Dambo area/agriculture
307,361.396425,3.613964,Grass/Scrub
308,239.874416,2.398744,Forest
309,405.014388,4.050144,Forest
310,104.173441,1.041734,Forest
311,2043.03845,20.430384,Forest
312,1041.109663,10.411097,Dambo area/agriculture
313,33.600981,0.33601,Forest
314,45.528891,0.455289,Dambo area/agriculture
315,191.317466,1.913175,Agriculture/settlement
316,177.931806,1.779318,Dambo area/agriculture
317,136.843691,1.368437,Built-up area
318,205.202181,2.052022,Built-up area
319,49.953916,0.499539,Forest
320,149.579312,1.495793,Dambo area/agriculture
321,548.899778,5.488998,Agriculture/settlement
322,434.776031,4.34776,Forest
323,504.399522,5.043995,Forest
324,106.596272,1.065963,Dambo area/agriculture
325,150.508106,1.505081,Built-up area
326,907.884497,9.078845,Agriculture Plantation
327,96.747209,0.967472,Forest Plantation
328,149.085081,1.490851,Forest
329,82.359103,0.823591,Dambo area/agriculture
330,328.842206,3.288422,Agriculture/settlement
331,203.975994,2.03976,Dambo area/agriculture
332,743.364725,7.433647,Forest
333,208.885491,2.088855,Forest
334,125.964019,1.25964,Dambo area/agriculture
335,203.039638,2.030396,Dambo area/agriculture
336,570.665931,5.706659,Dambo area/agriculture
337,1467.953725,14.679537,Forest
338,131.610853,1.316109,Forest
339,220.387231,2.203872,Forest
340,744.123706,7.441237,Agriculture Plantation
341,1418.657262,14.186573,Dambo area/agriculture
342,237.783319,2.377833,Dambo area/agriculture
343,449.2811,4.492811,Forest
344,548.040741,5.480407,Agriculture in forest area
345,1506.680797,15.066808,Agriculture in forest area
346,164.485566,1.644856,Dambo area/agriculture
347,142.77685,1.427769,Dambo area/agriculture
348,204.700597,2.047006,Dambo area/agriculture
349,1274.563384,12.745634,Forest
350,311.794116,3.117941,Forest
351,402.336019,4.02336,Forest
352,25.433953,0.25434,Forest
353,36.616712,0.366167,Forest Plantation
354,1370.127044,13.70127,Forest
355,369.172881,3.691729,Forest
356,62.456963,0.62457,Dambo area/agriculture
357,11545.773919,115.457739,Dambo area/agriculture
358,2599.053897,25.990539,Forest
359,100.614244,1.006142,Forest Plantation
360,67378.750678,673.787507,Forest Plantation
361,2976.702147,29.767021,Forest
362,584.065119,5.840651,Forest
363,221.011125,2.210111,Forest
364,543.814744,5.438147,Dambo area/agriculture
365,53.316066,0.533161,Bare Land
366,533.585509,5.335855,Forest
367,232.018009,2.32018,Forest
368,76.811672,0.768117,Dambo area/agriculture
369,155.164866,1.551649,Bare Land
370,67.130119,0.671301,Dambo area/agriculture
371,150.304238,1.503042,Forest
372,29.679931,0.296799,Bare Land
373,1276.201106,12.762011,Forest
374,211.285459,2.112855,Forest Plantation
375,51.923231,0.519232,Forest
376,74.325328,0.743253,Dambo area/agriculture
377,506.598334,5.065983,Forest Plantation
378,67.110869,0.671109,Forest
379,43.762516,0.437625,Dambo area/agriculture
380,359.661859,3.596619,Forest
381,122.326922,1.223269,Agriculture in forest area
382,50.82395,0.508239,Bare Land
383,57.666222,0.576662,Forest
384,691.179122,6.911791,Forest
385,202.934106,2.029341,Dambo area/agriculture
386,179.826497,1.798265,Forest
387,1156.056459,11.560565,Agriculture Plantation
388,129.182291,1.291823,Forest
389,259.826934,2.598269,Agriculture in forest area
390,290.362572,2.903626,Grass/Scrub
391,113.916363,1.139164,Dambo area/agriculture
392,155.636141,1.556361,Agriculture in forest area
393,646.485934,6.464859,Forest
394,416.454341,4.164543,Forest Plantation
395,246.890181,2.468902,Dambo area/agriculture
396,72.759219,0.727592,Forest
397,509.64615,5.096462,Grass/Scrub
398,284.77105,2.84771,Agriculture Plantation
399,161.258138,1.612581,Forest Plantation
400,167.166687,1.671667,Dambo area/agriculture
401,78.361316,0.783613,Bare Land
402,123.336816,1.233368,Bare Land
403,934.599584,9.345996,Dambo area/agriculture
404,1022.099791,10.220998,Agriculture Plantation
405,1012.322022,10.12322,Forest
406,79.787234,0.797872,Bare Land
407,137.827063,1.378271,Forest
408,109.703472,1.097035,Dambo area/agriculture
409,1001.347228,10.013472,Forest Plantation
410,259.503578,2.595036,Forest Plantation
411,39.162909,0.391629,Dambo area/agriculture
412,359.382244,3.593822,Forest
413,241.997491,2.419975,Forest
414,1240.913706,12.409137,Agriculture Plantation
415,87.885025,0.87885,Agriculture in forest area
416,121.661834,1.216618,Dambo area/agriculture
417,1708.689531,17.086895,Forest
418,637.953778,6.379538,Bare Land
419,40.746622,0.407466,Forest
420,276.400172,2.764002,Forest
421,210.492381,2.104924,Grass/Scrub
422,717.638366,7.176384,Dambo area/agriculture
423,386823.44355,3868.234436,Forest
424,345.133863,3.451339,Agriculture/settlement
425,137.107078,1.371071,Bare Land
426,225.460697,2.254607,Agriculture/settlement
427,656.204147,6.562041,Agriculture in forest area
428,346.131631,3.461316,Bare Land
429,55.679525,0.556795,Grass/Scrub
430,108.527794,1.085278,Forest Plantation
431,158.384328,1.583843,Dambo area/agriculture
432,247.258447,2.472584,Forest
433,13464.456597,134.644566,Agriculture in forest area
434,200.536278,2.005363,Agriculture/settlement
435,58.009275,0.580093,Bare Land
436,965.553937,9.655539,Dambo area/agriculture
437,191.715538,1.917155,Agriculture/settlement
438,1393.094072,13.930941,Dambo area/agriculture
439,8813.747709,88.137477,Forest
440,86.507934,0.865079,Dambo area/agriculture
441,38.263003,0.38263,Dambo area/agriculture
442,523.760106,5.237601,Dambo area/agriculture
443,21.996253,0.219963,Dambo area/agriculture
444,993.144459,9.931445,Grass/Scrub
445,128.172544,1.281725,Forest Plantation
446,278.411003,2.78411,Forest
447,684.101075,6.841011,Dambo area/agriculture
448,26318.373316,263.183733,Grass/Scrub
449,124.841822,1.248418,Forest
450,1038.546247,10.385462,Forest
451,253.698463,2.536985,Grass/Scrub
452,124.822753,1.248228,Dambo area/agriculture
453,918.647906,9.186479,Agriculture/settlement
454,14171.346534,141.713465,Dambo area/agriculture
455,150.606353,1.506064,Grass/Scrub
456,149.227672,1.492277,Forest Plantation
457,105.821447,1.058214,Forest Plantation
458,161.941478,1.619415,Dambo area/agriculture
459,556.313456,5.563135,Agriculture/settlement
460,63.353591,0.633536,Forest
461,747.949219,7.479492,Dambo area/agriculture
462,20009.604659,200.096047,Forest
463,627.186991,6.27187,Agriculture/settlement
464,1018.962616,10.189626,Dambo area/agriculture
465,8243.892347,82.438923,Water surface
466,2887.080822,28.870808,Agriculture in forest area
467,63.612,0.63612,Agriculture/settlement
468,10271.540525,102.715405,Water surface
469,148.357419,1.483574,Dambo area/agriculture
470,377.112875,3.771129,Forest
471,12806.049803,128.060498,Forest Plantation
472,240.282344,2.402823,Dambo area/agriculture
473,374.180272,3.741803,Dambo area/agriculture
474,1805.250581,18.052506,Un Classified
475,329.678972,3.29679,Dambo area/agriculture
476,97.517766,0.975178,Dambo area/agriculture
477,42.2015,0.422015,Dambo area/agriculture
478,229.441069,2.294411,Grass/Scrub
479,181.114641,1.811146,Forest
480,835.979522,8.359795,Forest
481,302.621494,3.026215,Forest
482,1228.384128,12.283841,Agriculture/settlement
483,64.615247,0.646152,Dambo area/agriculture
484,290.800669,2.908007,Dambo area/agriculture
485,425.032359,4.250324,Forest
486,51276.472325,512.764723,Agriculture in forest area
487,455.425219,4.554252,Dambo area/agriculture
488,250.787116,2.507871,Dambo area/agriculture
489,22429.836069,224.298361,Grass/Scrub
490,5670.522744,56.705227,Forest
491,107.434409,1.074344,Forest
492,170.420134,1.704201,Dambo area/agriculture
493,102.597523,1.025975,Dambo area/agriculture
494,2686.650794,26.866508,Dambo area/agriculture
495,257.822456,2.578225,Dambo area/agriculture
496,1374.633956,13.74634,Dambo area/agriculture
497,491.500847,4.915008,Agriculture/settlement
498,363.362287,3.633623,Dambo area/agriculture
499,513.538256,5.135383,Dambo area/agriculture
500,262.286878,2.622869,Dambo area/agriculture
501,480.842897,4.808429,Dambo area/agriculture
502,546.459562,5.464596,Dambo area/agriculture
503,180.621059,1.806211,Forest
504,107.699288,1.076993,Forest
505,100.526919,1.005269,Forest
506,271.300163,2.713002,Agriculture/settlement
507,77.992831,0.779928,Forest
508,133.015238,1.330152,Forest
509,591.971266,5.919713,Forest
510,12061.0894,120.610894,Forest
511,293014.510531,2930.145105,Agriculture in forest area
512,67.630269,0.676303,Forest
513,200.42922,2.004292,Dambo area/agriculture
514,176.774759,1.767748,Dambo area/agriculture
515,168.158753,1.681588,Forest
516,317.718872,3.177189,Forest
517,3.515359,0.035154,Agriculture in forest area
518,2826.395656,28.263957,Dambo area/agriculture
519,429.202703,4.292027,Agriculture in forest area
520,720.973269,7.209733,Agriculture in forest area
521,255.81465,2.558146,Agriculture/settlement
522,9737.787053,97.377871,Agriculture Plantation
523,161.207044,1.61207,Dambo area/agriculture
524,319.090613,3.190906,Agriculture in forest area
525,629.938372,6.299384,Agriculture in forest area
526,3705.625819,37.056258,Agriculture/settlement
527,159.371078,1.593711,Agriculture/settlement
528,328.002244,3.280022,Agriculture in forest area
529,136.504662,1.365047,Forest Plantation
530,230.506047,2.30506,Dambo area/agriculture
531,29.702284,0.297023,Agriculture/settlement
532,609.094731,6.090947,Agriculture/settlement
533,196.761294,1.967613,Dambo area/agriculture
534,1188.925659,11.889257,Dambo area/agriculture
535,137.661456,1.376615,Dambo area/agriculture
536,333.059325,3.330593,Dambo area/agriculture
537,50.862634,0.508626,Dambo area/agriculture
538,74.755628,0.747556,Dambo area/agriculture
539,263.231503,2.632315,Dambo area/agriculture
540,586.624984,5.86625,Agriculture Plantation
541,77.531569,0.775316,Dambo area/agriculture
542,6586.66275,65.866628,Forest
543,470.5773,4.705773,Dambo area/agriculture
544,205397.584289,2053.975843,Forest
545,88.257013,0.88257,Dambo area/agriculture
546,537.317359,5.373174,Dambo area/agriculture
547,307.304272,3.073043,Dambo area/agriculture
548,194.112341,1.941123,Dambo area/agriculture
549,129.001238,1.290012,Dambo area/agriculture
550,738.421594,7.384216,Agriculture/settlement
551,124.245612,1.242456,Dambo area/agriculture
552,254.415209,2.544152,Dambo area/agriculture
553,105.116306,1.051163,Dambo area/agriculture
554,275.450266,2.754503,Dambo area/agriculture
555,1292.366769,12.923668,Agriculture/settlement
556,69.682906,0.696829,Dambo area/agriculture
557,114.873472,1.148735,Dambo area/agriculture
558,4605.190537,46.051905,Dambo area/agriculture
559,1443146.46735,14431.464674,Agriculture/settlement
560,2815.803869,28.158039,Agriculture/settlement
561,187.892922,1.878929,Dambo area/agriculture
562,255.039041,2.55039,Dambo area/agriculture
563,1702.368889,17.023689,Dambo area/agriculture
564,173.77055,1.737705,Dambo area/agriculture
565,783.958006,7.83958,Dambo area/agriculture
566,376.984709,3.769847,Dambo area/agriculture
567,311.806547,3.118065,Forest
568,363.120595,3.631206,Agriculture in forest area
569,2998.466937,29.984669,Dambo area/agriculture
570,2661.503787,26.615038,Agriculture/settlement
571,51.882609,0.518826,Dambo area/agriculture
572,4203.457239,42.034572,Dambo area/agriculture
573,282.982381,2.829824,Dambo area/agriculture
574,130.442338,1.304423,Water surface
575,128.240928,1.282409,Dambo area/agriculture
576,308.984066,3.089841,Water surface
577,176.200425,1.762004,Dambo area/agriculture
578,247.630466,2.476305,Dambo area/agriculture
579,294.922631,2.949226,Forest
580,599.784719,5.997847,Dambo area/agriculture
581,60.07065,0.600707,Dambo area/agriculture
582,165.634003,1.65634,Dambo area/agriculture
583,373.197503,3.731975,Dambo area/agriculture
584,346.724852,3.467249,Dambo area/agriculture
585,8748.665191,87.486652,Agriculture/settlement
586,623.445062,6.234451,Agriculture/settlement
587,712.361112,7.123611,Dambo area/agriculture
588,62.438259,0.624383,Forest Plantation
589,18463.4494,184.634494,Dambo area/agriculture
590,28.086214,0.280862,Dambo area/agriculture
591,198.414011,1.98414,Dambo area/agriculture
592,424.280266,4.242803,Forest
593,252.331747,2.523317,Forest
594,143.187728,1.431877,Dambo area/agriculture
595,368.914159,3.689142,Dambo area/agriculture
596,28.694264,0.286943,Dambo area/agriculture
597,1941.126691,19.411267,Dambo area/agriculture
598,56.084259,0.560843,Water surface
599,596.836541,5.968365,Agriculture/settlement
600,192.925212,1.929252,Dambo area/agriculture
601,416.345584,4.163456,Agriculture/settlement
602,155.754344,1.557543,Dambo area/agriculture
603,28.788764,0.287888,Dambo area/agriculture
604,32.115692,0.321157,Dambo area/agriculture
605,68.965423,0.689654,Dambo area/agriculture
606,211.975995,2.11976,Dambo area/agriculture
607,3465.710112,34.657101,Agriculture/settlement
608,566248.382821,5662.483828,Agriculture in forest area
609,78419.443741,784.194437,Agriculture/settlement
610,118.510598,1.185106,Dambo area/agriculture
611,7.979794,0.079798,Dambo area/agriculture
612,25.154916,0.251549,Dambo area/agriculture
613,156.934306,1.569343,Built-up area
614,235.991306,2.359913,Dambo area/agriculture
615,512.119469,5.121195,Water surface
616,87.698439,0.876984,Dambo area/agriculture
617,167.329375,1.673294,Agriculture/settlement
618,142.088003,1.42088,Forest Plantation
619,507.353866,5.073539,Dambo area/agriculture
620,426.478891,4.264789,Dambo area/agriculture
621,228.091978,2.28092,Dambo area/agriculture
622,76.565023,0.76565,Dambo area/agriculture
623,64.580478,0.645805,Dambo area/agriculture
624,1365.380178,13.653802,Dambo area/agriculture
625,1165.665625,11.656656,Forest
626,304.556391,3.045564,Agriculture/settlement
627,109.123175,1.091232,Dambo area/agriculture
628,197.080184,1.970802,Dambo area/agriculture
629,204.669922,2.046699,Forest Plantation
630,318.473822,3.184738,Dambo area/agriculture
631,241.587592,2.415876,Dambo area/agriculture
632,341.189522,3.411895,Dambo area/agriculture
633,207.634836,2.076348,Dambo area/agriculture
634,231.511939,2.315119,Dambo area/agriculture
635,122.947247,1.229472,Dambo area/agriculture
636,100.583059,1.005831,Forest Plantation
637,67.537184,0.675372,Forest Plantation
638,50.282094,0.502821,Dambo area/agriculture
639,56.415737,0.564157,Dambo area/agriculture
640,92.369497,0.923695,Dambo area/agriculture
641,71.130519,0.711305,Dambo area/agriculture
642,360.032812,3.600328,Forest
643,372.736881,3.727369,Dambo area/agriculture
644,116.500322,1.165003,Dambo area/agriculture
645,334.165037,3.34165,Dambo area/agriculture
646,395.223003,3.95223,Dambo area/agriculture
647,314.180931,3.141809,Dambo area/agriculture
648,1271.204162,12.712042,Dambo area/agriculture
649,78.177881,0.781779,Dambo area/agriculture
650,113.257634,1.132576,Dambo area/agriculture
651,219.470966,2.19471,Dambo area/agriculture
652,124.537891,1.245379,Dambo area/agriculture
653,189.000753,1.890008,Dambo area/agriculture
654,704.629266,7.046293,Agriculture/settlement
655,557.219359,5.572194,Dambo area/agriculture
656,826.123516,8.261235,Dambo area/agriculture
657,215.190413,2.151904,Dambo area/agriculture
658,88.312291,0.883123,Dambo area/agriculture
659,2006.966806,20.069668,Agriculture/settlement
660,141.1063,1.411063,Dambo area/agriculture
661,196.552945,1.965529,Dambo area/agriculture
662,85.555566,0.855556,Forest Plantation
663,1978.502191,19.785022,Dambo area/agriculture
664,2548.572744,25.485727,Dambo area/agriculture
665,357.485203,3.574852,Dambo area/agriculture
666,378.217509,3.782175,Dambo area/agriculture
667,557.094644,5.570946,Agriculture/settlement
668,423.521889,4.235219,Dambo area/agriculture
669,287.812756,2.878128,Dambo area/agriculture
670,191.77902,1.91779,Dambo area/agriculture
671,176.674563,1.766746,Dambo area/agriculture
672,248.112491,2.481125,Forest Plantation
673,2198.062075,21.980621,Dambo area/agriculture
674,219.507291,2.195073,Dambo area/agriculture
675,199.646703,1.996467,Dambo area/agriculture
676,65.152611,0.651526,Dambo area/agriculture
677,279.280997,2.79281,Dambo area/agriculture
678,592.834428,5.928344,Forest
679,358.745659,3.587457,Dambo area/agriculture
680,195.601841,1.956018,Forest Plantation
681,302.811986,3.02812,Dambo area/agriculture
682,244.601159,2.446012,Dambo area/agriculture
683,140.80995,1.4081,Dambo area/agriculture
684,1676.504309,16.765043,Water surface
685,1428.031331,14.280313,Dambo area/agriculture
686,240.018497,2.400185,Forest
687,368.836331,3.688363,Dambo area/agriculture
688,120.287803,1.202878,Dambo area/agriculture
689,60.916784,0.609168,Dambo area/agriculture
690,401.215078,4.012151,Dambo area/agriculture
691,300.63245,3.006324,Dambo area/agriculture
692,267.697719,2.676977,Forest Plantation
693,212.412806,2.124128,Forest Plantation
694,62.499359,0.624994,Dambo area/agriculture
695,96.398462,0.963985,Dambo area/agriculture
696,43.503697,0.435037,Dambo area/agriculture
697,375.286659,3.752867,Dambo area/agriculture
698,248.601344,2.486013,Dambo area/agriculture
699,132.122853,1.321229,Agriculture in forest area
700,290.507306,2.905073,Dambo area/agriculture
701,234.485194,2.344852,Dambo area/agriculture
702,94.604994,0.94605,Dambo area/agriculture
703,467.853166,4.678532,Agriculture/settlement
704,207.493358,2.074934,Dambo area/agriculture
705,86.458622,0.864586,Dambo area/agriculture
706,46.134434,0.461344,Dambo area/agriculture
707,35.68955,0.356895,Water surface
708,129.031861,1.290319,Agriculture/settlement
709,1111.184037,11.11184,Dambo area/agriculture
710,1021.042809,10.210428,Agriculture/settlement
711,2731.403038,27.31403,Dambo area/agriculture
712,137.091481,1.370915,Forest Plantation
713,37276.875634,372.768756,Dambo area/agriculture
714,485.927628,4.859276,Dambo area/agriculture
715,731.791608,7.317916,Dambo area/agriculture
716,100.797916,1.007979,Dambo area/agriculture
717,255.290825,2.552908,Dambo area/agriculture
718,53.339786,0.533398,Dambo area/agriculture
719,80.798716,0.807987,Forest Plantation
720,176.596969,1.76597,Dambo area/agriculture
721,835.904563,8.359046,Dambo area/agriculture
722,213.219547,2.132195,Forest Plantation
723,41.339409,0.413394,Forest Plantation
724,33.220216,0.332202,Dambo area/agriculture
725,2464.233464,24.642335,Agriculture/settlement
726,251.798622,2.517986,Agriculture in forest area
727,430.896119,4.308961,Forest Plantation
728,315.349733,3.153497,Dambo area/agriculture
729,118.235675,1.182357,Dambo area/agriculture
730,482.5601,4.825601,Forest Plantation
731,272.351216,2.723512,Dambo area/agriculture
732,57.843125,0.578431,Forest Plantation
733,2765.949364,27.659494,Agriculture/settlement
734,48.413503,0.484135,Forest Plantation
735,780.186241,7.801862,Agriculture/settlement
736,218.822144,2.188221,Forest Plantation
737,175.097359,1.750974,Agriculture/settlement
738,8984.821528,89.848215,Forest
739,18.324819,0.183248,Forest Plantation
740,2630.672722,26.306727,Forest
741,29.203459,0.292035,Forest Plantation
742,1035.936616,10.359366,Dambo area/agriculture
743,2272.748498,22.727485,Agriculture/settlement
744,247.279831,2.472798,Forest Plantation
745,633.285558,6.332856,Agriculture/settlement
746,57.099063,0.570991,Forest Plantation
747,3651.824106,36.518241,Agriculture/settlement
748,1946.296463,19.462965,Agriculture/settlement
749,260.022356,2.600224,Bare Land
750,101.420733,1.014207,Dambo area/agriculture
751,1466.577453,14.665775,Forest Plantation
752,241.553916,2.415539,Dambo area/agriculture
753,132.381297,1.323813,Agriculture/settlement
754,732.353713,7.323537,Forest
755,172.897691,1.728977,Dambo area/agriculture
756,4709.260162,47.092602,Agriculture/settlement
757,3917.32493,39.173249,Agriculture/settlement
758,322.594947,3.225949,Dambo area/agriculture
759,3976.670447,39.766704,Agriculture/settlement
760,13979.378653,139.793787,Agriculture/settlement
761,262.446153,2.624462,Dambo area/agriculture
762,2863.0662,28.630662,Agriculture/settlement
763,4823.909459,48.239095,Agriculture/settlement
764,12645.732973,126.45733,Agriculture/settlement
765,217.617659,2.176177,Forest Plantation
766,17.643605,0.176436,Forest Plantation
767,1399.992037,13.99992,Agriculture/settlement
768,2015.413359,20.154134,Agriculture/settlement
769,173.174906,1.731749,Agriculture/settlement
770,575.520866,5.755209,Dambo area/agriculture
771,205.200013,2.052,Agriculture/settlement
772,501.889978,5.0189,Forest
773,2287.581373,22.875814,Agriculture/settlement
774,45.575128,0.455751,Forest Plantation
775,541.688794,5.416888,Dambo area/agriculture
776,110.189481,1.101895,Dambo area/agriculture
777,99.301916,0.993019,Agriculture/settlement
778,434.444491,4.344445,Dambo area/agriculture
779,313.900659,3.139007,Agriculture/settlement
780,210.680678,2.106807,Forest
781,167.448528,1.674485,Forest
782,43481.2408,434.812408,Dambo area/agriculture
783,536.240481,5.362405,Dambo area/agriculture
784,99419.468956,994.19469,Agriculture/settlement
785,36849.670153,368.496702,Agriculture/settlement
786,294.435869,2.944359,Agriculture/settlement
787,1441.070472,14.410705,Agriculture/settlement
788,117.120545,1.171205,Forest
789,935.137128,9.351371,Dambo area/agriculture
790,7101.443947,71.014439,Agriculture/settlement
791,78.05205,0.78052,Dambo area/agriculture
792,218.16145,2.181614,Dambo area/agriculture
793,361.672194,3.616722,Forest
794,206.202928,2.062029,Dambo area/agriculture
795,53.371556,0.533716,Agriculture/settlement
796,225.328067,2.253281,Agriculture/settlement
797,62.321853,0.623219,Bare Land
798,303.526019,3.03526,Dambo area/agriculture
799,806.924516,8.069245,Dambo area/agriculture
800,120.21425,1.202142,Dambo area/agriculture
801,174.1694,1.741694,Dambo area/agriculture
802,973.981609,9.739816,Agriculture/settlement
803,441.445003,4.41445,Dambo area/agriculture
804,748.889353,7.488894,Agriculture/settlement
805,1065.366139,10.653661,Dambo area/agriculture
806,39.79765,0.397977,Dambo area/agriculture
807,531.581316,5.315813,Dambo area/agriculture
808,597.472075,5.974721,Agriculture/settlement
809,129.721547,1.297215,Dambo area/agriculture
810,635.488147,6.354881,Dambo area/agriculture
811,1086.210577,10.862106,Forest
812,923.970858,9.239709,Agriculture/settlement
813,1546.678797,15.466788,Dambo area/agriculture
814,64.985369,0.649854,Dambo area/agriculture
815,39418.304716,394.183047,Agriculture in forest area
816,2110.174345,21.101743,Agriculture/settlement
817,140.780616,1.407806,Agriculture/settlement
818,56.574772,0.565748,Dambo area/agriculture
819,299.958147,2.999581,Agriculture/settlement
820,679.898178,6.798982,Agriculture/settlement
821,121.799141,1.217991,Agriculture/settlement
822,232.572983,2.32573,Dambo area/agriculture
823,7313.471245,73.134712,Agriculture/settlement
824,826.591252,8.265913,Dambo area/agriculture
825,253.289369,2.532894,Dambo area/agriculture
826,295.677144,2.956771,Dambo area/agriculture
827,66.165125,0.661651,Built-up area
828,3283.765847,32.837658,Agriculture in forest area
829,697.6758,6.976758,Dambo area/agriculture
830,2879.481894,28.794819,Dambo area/agriculture
831,169.40067,1.694007,Dambo area/agriculture
832,180.146002,1.80146,Dambo area/agriculture
833,156.623556,1.566236,Agriculture/settlement
834,3220.951639,32.209516,Dambo area/agriculture
835,693.416812,6.934168,Dambo area/agriculture
836,1384.417789,13.844178,Agriculture/settlement
837,363.307813,3.633078,Forest
838,43.068606,0.430686,Forest
839,18068.489366,180.684894,Forest
840,167.491694,1.674917,Dambo area/agriculture
841,839.048756,8.390488,Agriculture/settlement
842,228.820894,2.288209,Dambo area/agriculture
843,686.363088,6.863631,Forest
844,27.892303,0.278923,Forest Plantation
845,325.317609,3.253176,Agriculture in forest area
846,2646.922684,26.469227,Forest
847,162.580547,1.625805,Dambo area/agriculture
848,2101.159983,21.0116,Forest
849,633.889964,6.3389,Dambo area/agriculture
850,356.485297,3.564853,Dambo area/agriculture
851,183.061761,1.830618,Dambo area/agriculture
852,323.914333,3.239143,Agriculture/settlement
853,83.272894,0.832729,Dambo area/agriculture
854,285.571022,2.85571,Agriculture in forest area
855,206.85495,2.06855,Forest
856,125.4397,1.254397,Dambo area/agriculture
857,120.114375,1.201144,Dambo area/agriculture
858,7775.940934,77.759409,Forest
859,1137.404491,11.374045,Agriculture/settlement
860,348.248956,3.48249,Dambo area/agriculture
861,295.716481,2.957165,Agriculture/settlement
862,397.113008,3.97113,Dambo area/agriculture
863,4826.579606,48.265796,Forest
864,126.403725,1.264037,Agriculture/settlement
865,8248.489019,82.48489,Agriculture in forest area
866,612.199166,6.121992,Dambo area/agriculture
867,334.015019,3.34015,Dambo area/agriculture
868,565.276187,5.652762,Dambo area/agriculture
869,192.740644,1.927406,Dambo area/agriculture
870,89.282123,0.892821,Dambo area/agriculture
871,113.758984,1.13759,Dambo area/agriculture
872,235.354536,2.353545,Dambo area/agriculture
873,66.996981,0.66997,Built-up area
874,521.537153,5.215372,Dambo area/agriculture
875,43.211844,0.432118,Dambo area/agriculture
876,37.281931,0.372819,Water surface
877,40.997116,0.409971,Dambo area/agriculture
878,435.784181,4.357842,Dambo area/agriculture
879,1844.754211,18.447542,Agriculture/settlement
880,212.943253,2.129433,Forest
881,206.754622,2.067546,Dambo area/agriculture
882,157.296116,1.572961,Dambo area/agriculture
883,173.360672,1.733607,Dambo area/agriculture
884,1167.793959,11.67794,Dambo area/agriculture
885,544.004806,5.440048,Dambo area/agriculture
886,809.061173,8.090612,Agriculture in forest area
887,1342.425544,13.424255,Dambo area/agriculture
888,349.580984,3.49581,Forest Plantation
889,1389.145894,13.891459,Forest
890,306.791778,3.067918,Agriculture/settlement
891,379.795934,3.797959,Dambo area/agriculture
892,57.327303,0.573273,Dambo area/agriculture
893,1595.709403,15.957094,Agriculture/settlement
894,172.886638,1.728866,Forest
895,444.373133,4.443731,Agriculture/settlement
896,328.826675,3.288267,Dambo area/agriculture
897,303.255587,3.032556,Dambo area/agriculture
898,3568.126144,35.681261,Agriculture/settlement
899,760.104853,7.601049,Dambo area/agriculture
900,171.239813,1.712398,Dambo area/agriculture
901,210.698953,2.10699,Dambo area/agriculture
902,186.227466,1.862275,Dambo area/agriculture
903,547.652966,5.47653,Dambo area/agriculture
904,229.059895,2.290599,Dambo area/agriculture
905,274.43965,2.744397,Dambo area/agriculture
906,120.0844,1.200844,Dambo area/agriculture
907,46.961184,0.469612,Dambo area/agriculture
908,114838.028979,1148.38029,Forest
909,85.538116,0.855381,Dambo area/agriculture
910,805.356434,8.053564,Agriculture/settlement
911,262.401655,2.624017,Dambo area/agriculture
912,85.246116,0.852461,Dambo area/agriculture
913,2056.482725,20.564827,Agriculture/settlement
914,280.279447,2.802794,Dambo area/agriculture
915,91.5999,0.915999,Forest
916,1401.873825,14.018738,Agriculture/settlement
917,8527.28795,85.27288,Agriculture in forest area
918,52.138547,0.521385,Dambo area/agriculture
919,274.600675,2.746007,Dambo area/agriculture
920,482.114897,4.821149,Agriculture/settlement
921,90.911412,0.909114,Dambo area/agriculture
922,2355.019777,23.550198,Dambo area/agriculture
923,81.031863,0.810319,Dambo area/agriculture
924,245.808644,2.458086,Dambo area/agriculture
925,46.654922,0.466549,Dambo area/agriculture
926,43.184775,0.431848,Dambo area/agriculture
927,66.055539,0.660555,Dambo area/agriculture
928,106.880803,1.068808,Dambo area/agriculture
929,1558.554611,15.585546,Forest
930,252.13875,2.521387,Agriculture/settlement
931,199.936278,1.999363,Forest
932,1090.429675,10.904297,Dambo area/agriculture
933,373.245209,3.732452,Dambo area/agriculture
934,263.003878,2.630039,Dambo area/agriculture
935,168.832781,1.688328,Forest
936,945.672688,9.456727,Dambo area/agriculture
937,146.631292,1.466313,Forest
938,684.843694,6.848437,Grass/Scrub
939,127.092753,1.270928,Dambo area/agriculture
940,214.493569,2.144936,Dambo area/agriculture
941,867.475812,8.674758,Dambo area/agriculture
942,738.736228,7.387362,Agriculture/settlement
943,864.912216,8.649122,Dambo area/agriculture
944,171.586447,1.715864,Forest
945,297.8761,2.978761,Dambo area/agriculture
946,697.226919,6.972269,Dambo area/agriculture
947,54.34742,0.543474,Forest
948,470.949697,4.709497,Forest
949,207.755088,2.077551,Dambo area/agriculture
950,63.758309,0.637583,Built-up area
951,364.285166,3.642852,Built-up area
952,129.033531,1.290335,Dambo area/agriculture
953,233.619133,2.336191,Dambo area/agriculture
954,951.604862,9.516049,Agriculture/settlement
955,150.510939,1.505109,Dambo area/agriculture
956,126.965441,1.269654,Dambo area/agriculture
957,96.508067,0.965081,Forest
958,105.498434,1.054984,Dambo area/agriculture
959,288.429434,2.884294,Built-up area
960,89.6188,0.896188,Dambo area/agriculture
961,801.450219,8.014502,Dambo area/agriculture
962,350.342119,3.503421,Dambo area/agriculture
963,388.541078,3.885411,Agriculture/settlement
964,1026.906722,10.269067,Dambo area/agriculture
965,169.587481,1.695875,Forest
966,332.64855,3.326486,Dambo area/agriculture
967,105.146838,1.051468,Forest
968,218.112525,2.181125,Built-up area
969,116.464009,1.16464,Dambo area/agriculture
970,41.334134,0.413341,Agriculture in forest area
971,953.604181,9.536042,Forest
972,568.665075,5.686651,Dambo area/agriculture
973,9.546316,0.095463,Forest
974,216.307506,2.163075,Agriculture in forest area
975,129.506727,1.295067,Agriculture in forest area
976,87627.975144,876.279751,Forest
977,130.289672,1.302897,Dambo area/agriculture
978,744.368903,7.443689,Agriculture/settlement
979,232.319339,2.323193,Built-up area
980,49.754664,0.497547,Forest
981,30.450417,0.304504,Forest
982,183.919028,1.83919,Dambo area/agriculture
983,252.02302,2.52023,Agriculture in forest area
984,602.385075,6.023851,Dambo area/agriculture
985,765.355494,7.653555,Agriculture/settlement
986,385.763958,3.85764,Dambo area/agriculture
987,5.284214,0.052842,Forest
988,385.090022,3.8509,Dambo area/agriculture
989,91.668803,0.916688,Dambo area/agriculture
990,115.010983,1.15011,Forest
991,56.465272,0.564653,Bare Land
992,285.602709,2.856027,Agriculture/settlement
993,243.9578,2.439578,Agriculture/settlement
994,114.502344,1.145023,Forest
995,555.725194,5.557252,Dambo area/agriculture
996,241.996559,2.419966,Dambo area/agriculture
997,192.734388,1.927344,Dambo area/agriculture
998,266.013709,2.660137,Agriculture/settlement
999,140.117613,1.401176,Dambo area/agriculture
1000,82.084772,0.820848,Forest Plantation
1001,1691.317744,16.913177,Dambo area/agriculture
1002,73.866369,0.738664,Dambo area/agriculture
1003,115.126994,1.15127,Dambo area/agriculture
1004,108.013013,1.08013,Dambo area/agriculture
1005,514.669841,5.146698,Dambo area/agriculture
1006,261.342875,2.613429,Dambo area/agriculture
1007,137.875494,1.378755,Forest
1008,519.397423,5.193974,Agriculture in forest area
1009,2190.141045,21.90141,Agriculture/settlement
1010,210.441406,2.104414,Dambo area/agriculture
1011,128.580603,1.285806,Dambo area/agriculture
1012,238.013517,2.380135,Dambo area/agriculture
1013,395.319328,3.953193,Dambo area/agriculture
1014,601.423837,6.014238,Agriculture/settlement
1015,1195.176594,11.951766,Dambo area/agriculture
1016,1112.554027,11.12554,Forest
1017,552.172487,5.521725,Dambo area/agriculture
1018,876.076166,8.760762,Agriculture/settlement
1019,171.224328,1.712243,Dambo area/agriculture
1020,471.093369,4.710934,Dambo area/agriculture
1021,234.374878,2.343749,Dambo area/agriculture
1022,104.844613,1.048446,Dambo area/agriculture
1023,316.782738,3.167827,Dambo area/agriculture
1024,211.106995,2.11107,Dambo area/agriculture
1025,739.138441,7.391384,Dambo area/agriculture
1026,410.216356,4.102164,Agriculture in forest area
1027,304.094502,3.040945,Dambo area/agriculture
1028,143.712392,1.437124,Agriculture/settlement
1029,93.727163,0.937272,Dambo area/agriculture
1030,741.156944,7.411569,Dambo area/agriculture
1031,289.956328,2.899563,Agriculture/settlement
1032,2990.603669,29.906037,Forest
1033,18.764148,0.187641,Forest
1034,248.87268,2.488727,Agriculture in forest area
1035,2245.823784,22.458238,Agriculture/settlement
1036,44.798688,0.447987,Dambo area/agriculture
1037,105.0464,1.050464,Agriculture/settlement
1038,68.095606,0.680956,Dambo area/agriculture
1039,2395.048481,23.950485,Agriculture in forest area
1040,255.137895,2.551379,Dambo area/agriculture
1041,298.453341,2.984533,Dambo area/agriculture
1042,109.054753,1.090548,Dambo area/agriculture
1043,178.229063,1.782291,Dambo area/agriculture
1044,7704.446136,77.044461,Agriculture/settlement
1045,4570.746494,45.707465,Dambo
1046,1743.665063,17.436651,Forest
1047,410.679319,4.106793,Dambo area/agriculture
1048,219.156731,2.191567,Built-up area
1049,1362.668366,13.626684,Agriculture/settlement
1050,342.857103,3.428571,Forest
1051,118.952922,1.189529,Agriculture in forest area
1052,673.931237,6.739312,Dambo area/agriculture
1053,50.499913,0.504999,Dambo area/agriculture
1054,57.276672,0.572767,Forest Plantation
1055,51.534241,0.515342,Forest
1056,3200.884477,32.008845,Agriculture/settlement
1057,65.563591,0.655636,Dambo area/agriculture
1058,131.334131,1.313341,Forest
1059,74.273969,0.74274,Agriculture in forest area
1060,1522.982209,15.229822,Dambo area/agriculture
1061,163.250153,1.632502,Agriculture/settlement
1062,131.761284,1.317613,Agriculture in forest area
1063,251.239563,2.512396,Dambo area/agriculture
1064,93.849966,0.9385,Forest Plantation
1065,20.112978,0.20113,Dambo area/agriculture
1066,224.336484,2.243365,Dambo area/agriculture
1067,90.830516,0.908305,Agriculture/settlement
1068,104.690716,1.046907,Forest Plantation
1069,106.228091,1.062281,Dambo area/agriculture
1070,2621.517,26.21517,Forest
1071,22.44435,0.224443,Dambo area/agriculture
1072,1505.298706,15.052987,Agriculture/settlement
1073,466.886352,4.668864,Agriculture in forest area
1074,90.509938,0.905099,Agriculture in forest area
1075,7606.438009,76.06438,Built-up area
1076,1103.41153,11.034115,Agriculture/settlement
1077,206.114491,2.061145,Dambo area/agriculture
1078,77.910453,0.779105,Agriculture in forest area
1079,213.211113,2.132111,Dambo area/agriculture
1080,927.544394,9.275444,Dambo area/agriculture
1081,66.430966,0.66431,Built-up area
1082,204.360644,2.043606,Bare Land
1083,234.364578,2.343646,Dambo area/agriculture
1084,174.338919,1.743389,Dambo area/agriculture
1085,704.111783,7.041118,Agriculture in forest area
1086,559.608997,5.59609,Agriculture/settlement
1087,2527.028486,25.270285,Agriculture/settlement
1088,620.4503,6.204503,Forest
1089,309.643519,3.096435,Agriculture/settlement
1090,191.525425,1.915254,Agriculture/settlement
1091,60.531858,0.605319,Agriculture/settlement
1092,184.752484,1.847525,Dambo area/agriculture
1093,81.142931,0.811429,Forest Plantation
1094,454.718169,4.547182,Dambo area/agriculture
1095,71.963138,0.719631,Dambo area/agriculture
1096,72.061887,0.720619,Dambo area/agriculture
1097,768.481597,7.684816,Agriculture/settlement
1098,97.368681,0.973687,Forest Plantation
1099,614.7392,6.147392,Built-up area
1100,63.307794,0.633078,Agriculture in forest area
1101,141.020028,1.4102,Dambo area/agriculture
1102,83.327337,0.833273,Dambo area/agriculture
1103,21362.858216,213.628582,Agriculture in forest area
1104,863.438387,8.634384,Dambo area/agriculture
1105,148.685228,1.486852,Dambo area/agriculture
1106,1414.743222,14.147432,Dambo area/agriculture
1107,662.8511,6.628511,Dambo area/agriculture
1108,208.704481,2.087045,Forest Plantation
1109,495.1225,4.951225,Agriculture/settlement
1110,6594.387963,65.94388,Forest
1111,2345.081747,23.450817,Agriculture/settlement
1112,806.229819,8.062298,Dambo area/agriculture
1113,5.666631,0.056666,Agriculture/settlement
1114,560.116744,5.601167,Dambo area/agriculture
1115,655.742259,6.557423,Dambo area/agriculture
1116,49.621247,0.496212,Forest
1117,110.641938,1.106419,Dambo area/agriculture
1118,76.919697,0.769197,Dambo area/agriculture
1119,40.859878,0.408599,Forest Plantation
1120,40489.493414,404.894934,Agriculture/settlement
1121,276.157938,2.761579,Dambo area/agriculture
1122,569.154688,5.691547,Dambo area/agriculture
1123,277.844847,2.778448,Forest Plantation
1124,116.549944,1.165499,Dambo area/agriculture
1125,1574.0312,15.740312,Forest
1126,4.170136,0.041701,Agriculture Plantation
1127,87.274009,0.87274,Forest
1128,159.407531,1.594075,Dambo area/agriculture
1129,824.278569,8.242786,Agriculture/settlement
1130,286.504103,2.865041,Forest Plantation
1131,112.859909,1.128599,Dambo area/agriculture
1132,1016.171197,10.161712,Dambo area/agriculture
1133,184.999553,1.849996,Dambo area/agriculture
1134,297.662663,2.976627,Agriculture in forest area
1135,90.84485,0.908448,Dambo area/agriculture
1136,123.924319,1.239243,Dambo area/agriculture
1137,73.679656,0.736797,Agriculture/settlement
1138,368.728038,3.68728,Dambo area/agriculture
1139,162.5362,1.625362,Dambo area/agriculture
1140,1034.566881,10.345669,Agriculture/settlement
1141,439.222081,4.392221,Agriculture/settlement
1142,118.679753,1.186798,Dambo area/agriculture
1143,952556.649085,9525.566491,Agriculture/settlement
1144,290.529122,2.905291,Dambo area/agriculture
1145,194.254819,1.942548,Dambo area/agriculture
1146,280.130947,2.801309,Dambo area/agriculture
1147,791.093122,7.910931,Agriculture/settlement
1148,314.933378,3.149334,Dambo area/agriculture
1149,141.507506,1.415075,Dambo area/agriculture
1150,583.748597,5.837486,Dambo area/agriculture
1151,528.305081,5.283051,Dambo area/agriculture
1152,109.053581,1.090536,Bare Land
1153,60.051806,0.600518,Dambo area/agriculture
1154,42.491809,0.424918,Dambo area/agriculture
1155,740.065172,7.400652,Dambo area/agriculture
1156,74.125266,0.741253,Forest
1157,333.403384,3.334034,Agriculture/settlement
1158,207.671556,2.076716,Dambo area/agriculture
1159,214.681359,2.146814,Agriculture/settlement
1160,280.728347,2.807283,Dambo area/agriculture
1161,62.993119,0.629931,Dambo area/agriculture
1162,2719.069644,27.190696,Agriculture/settlement
1163,240.47755,2.404776,Dambo area/agriculture
1164,662.789959,6.6279,Dambo area/agriculture
1165,292.999709,2.929997,Dambo area/agriculture
1166,408.277013,4.08277,Dambo
1167,1110.550088,11.105501,Forest
1168,598.745859,5.987459,Agriculture/settlement
1169,168.106566,1.681066,Dambo area/agriculture
1170,169.908222,1.699082,Agriculture/settlement
1171,167.974056,1.679741,Dambo area/agriculture
1172,306.929037,3.06929,Dambo area/agriculture
1173,156.871666,1.568717,Forest
1174,81.412612,0.814126,Dambo area/agriculture
1175,67.502384,0.675024,Dambo area/agriculture
1176,93.880359,0.938804,Dambo area/agriculture
1177,135.971081,1.359711,Bare Land
1178,317.969741,3.179697,Dambo area/agriculture
1179,230.036459,2.300365,Dambo area/agriculture
1180,65.527144,0.655271,Bare Land
1181,810.664572,8.106646,Agriculture/settlement
1182,255.894488,2.558945,Bare Land
1183,1274.177891,12.741779,Dambo area/agriculture
1184,1165.815972,11.65816,Forest
1185,69.010478,0.690105,Dambo area/agriculture
1186,268.483041,2.68483,Dambo area/agriculture
1187,160.206056,1.602061,Dambo area/agriculture
1188,523.92525,5.239253,Dambo area/agriculture
1189,271.018553,2.710186,Dambo area/agriculture
1190,452.386663,4.523867,Agriculture/settlement
1191,200.509047,2.00509,Dambo area/agriculture
1192,334.7913,3.347913,Dambo area/agriculture
1193,368.961153,3.689612,Dambo area/agriculture
1194,113.737594,1.137376,Forest
1195,136.401041,1.36401,Forest Plantation
1196,704.8394,7.048394,Forest Plantation
1197,287.324566,2.873246,Forest
1198,243.268491,2.432685,Dambo area/agriculture
1199,357.953397,3.579534,Forest
1200,733.009,7.33009,Forest
1201,153.5912,1.535912,Dambo area/agriculture
1202,2193.637038,21.93637,Forest
1203,314.375116,3.143751,Dambo area/agriculture
1204,967.352662,9.673527,Agriculture/settlement
1205,277.407966,2.77408,Bare Land
1206,146.509453,1.465095,Water surface
1207,163.312691,1.633127,Dambo area/agriculture
1208,298.933491,2.989335,Dambo area/agriculture
1209,33861.132459,338.611325,Forest
1210,1487.523816,14.875238,Forest Plantation
1211,115.004212,1.150042,Dambo area/agriculture
1212,83.397341,0.833973,Dambo area/agriculture
1213,503.238147,5.032381,Forest
1214,769.319953,7.6932,Dambo area/agriculture
1215,51.350559,0.513506,Dambo area/agriculture
1216,153.566316,1.535663,Dambo area/agriculture
1217,97.522712,0.975227,Forest Plantation
1218,246.072216,2.460722,Dambo area/agriculture
1219,186.066672,1.860667,Dambo area/agriculture
1220,3848.353522,38.483535,Forest
1221,109.541472,1.095415,Forest
1222,211.911453,2.119115,Forest
1223,361.972812,3.619728,Dambo area/agriculture
1224,264.408672,2.644087,Dambo area/agriculture
1225,2340.352438,23.403524,Dambo area/agriculture
1226,4500.215972,45.00216,Dambo area/agriculture
1227,66.135738,0.661357,Dambo area/agriculture
1228,49.146081,0.491461,Dambo area/agriculture
1229,341.280872,3.412809,Dambo area/agriculture
1230,347.138047,3.47138,Dambo area/agriculture
1231,2112.315906,21.123159,Forest
1232,23.484106,0.234841,Forest
1233,378.150312,3.781503,Dambo area/agriculture
1234,242.419231,2.424192,Forest
1235,418.690841,4.186908,Bare Land
1236,4381.150859,43.811509,Forest Plantation
1237,559.41795,5.59418,Dambo area/agriculture
1238,153.540313,1.535403,Dambo area/agriculture
1239,283.522516,2.835225,Dambo area/agriculture
1240,773.834178,7.738342,Dambo area/agriculture
1241,271.031147,2.710311,Dambo area/agriculture
1242,8674.104591,86.741046,Forest
1243,718.196897,7.181969,Dambo area/agriculture
1244,318.986313,3.189863,Agriculture/settlement
1245,144.159888,1.441599,Forest
1246,10862.964941,108.629649,Forest
1247,275.447719,2.754477,Agriculture/settlement
1248,162.020463,1.620205,Forest
1249,912.303116,9.123031,Forest Plantation
1250,104.912831,1.049128,Dambo area/agriculture
1251,6091.204481,60.912045,Dambo area/agriculture
1252,332.423303,3.324233,Dambo area/agriculture
1253,335.568638,3.355686,Dambo area/agriculture
1254,8762.846684,87.628467,Forest
1255,862.931497,8.629315,Forest
1256,526.785337,5.267853,Forest
1257,4058.882728,40.588827,Forest
1258,206.968394,2.069684,Dambo area/agriculture
1259,187.577694,1.875777,Dambo area/agriculture
1260,58.184359,0.581844,Agriculture/settlement
1261,627.120494,6.271205,Dambo area/agriculture
1262,67.143444,0.671434,Forest
1263,167.482844,1.674828,Dambo area/agriculture
1264,78.823206,0.788232,Dambo area/agriculture
1265,727.599144,7.275991,Forest
1266,522.068994,5.22069,Forest
1267,117.820469,1.178205,Dambo area/agriculture
1268,518.512438,5.185124,Forest Plantation
1269,4620.820537,46.208205,Forest Plantation
1270,120.014838,1.200148,Dambo area/agriculture
1271,825.677953,8.25678,Dambo area/agriculture
1272,135.4872,1.354872,Dambo area/agriculture
1273,971.777647,9.717776,Dambo area/agriculture
1274,651.890344,6.518903,Forest
1275,550.291725,5.502917,Forest
1276,209.758056,2.097581,Dambo area/agriculture
1277,1043.902088,10.439021,Forest
1278,888.677672,8.886777,Forest
1279,644.510953,6.44511,Dambo area/agriculture
1280,79757.980144,797.579801,Forest
1281,1665.35595,16.65356,Dambo area/agriculture
1282,84.277594,0.842776,Dambo area/agriculture
1283,236.4504,2.364504,Forest
1284,73.283984,0.73284,Forest
1285,873.942356,8.739424,Dambo area/agriculture
1286,710.175478,7.101755,Bare Land
1287,161.858269,1.618583,Forest Plantation
1288,1509.586656,15.095867,Forest
1289,988.545984,9.88546,Forest
1290,56.799375,0.567994,Dambo area/agriculture
1291,13419.047448,134.190474,Forest
1292,740.855366,7.408554,Dambo area/agriculture
1293,170.040766,1.700408,Forest
1294,100.303838,1.003038,Dambo area/agriculture
1295,67.424644,0.674246,Dambo area/agriculture
1296,10286.943225,102.869432,Dambo area/agriculture
1297,13041.403763,130.414038,Forest
1298,51.387044,0.51387,Forest Plantation
1299,2994.402181,29.944022,Forest Plantation
1300,205.435475,2.054355,Dambo area/agriculture
1301,104.882369,1.048824,Dambo area/agriculture
1302,202.325941,2.023259,Dambo area/agriculture
1303,225.893737,2.258937,Dambo area/agriculture
1304,119.963569,1.199636,Dambo area/agriculture
1305,170.256656,1.702567,Forest
1306,122.87555,1.228755,Dambo area/agriculture
1307,1053.935434,10.539354,Dambo area/agriculture
1308,590.979778,5.909798,Dambo area/agriculture
1309,227.147556,2.271476,Bare Land
1310,228.763519,2.287635,Dambo area/agriculture
1311,139.807863,1.398079,Dambo area/agriculture
1312,75.808831,0.758088,Dambo area/agriculture
1313,119.782853,1.197829,Dambo area/agriculture
1314,5217.429987,52.1743,Dambo area/agriculture
1315,98.628841,0.986288,Forest
1316,190.789356,1.907894,Dambo area/agriculture
1317,352.887747,3.528877,Dambo area/agriculture
1318,992.605934,9.926059,Agriculture/settlement
1319,585.5565,5.855565,Dambo area/agriculture
1320,168.060222,1.680602,Dambo area/agriculture
1321,59.334969,0.59335,Forest
1322,2163.874959,21.63875,Forest
1323,38.949362,0.389494,Dambo area/agriculture
1324,365.498731,3.654987,Agriculture/settlement
1325,206.367731,2.063677,Grass/Scrub
1326,196.431541,1.964315,Dambo area/agriculture
1327,2510.259694,25.102597,Dambo area/agriculture
1328,74.515625,0.745156,Dambo area/agriculture
1329,362.444894,3.624449,Forest
1330,323.158916,3.231589,Bare Land
1331,136.997881,1.369979,Dambo area/agriculture
1332,84.397281,0.843973,Dambo area/agriculture
1333,1677.497806,16.774978,Agriculture/settlement
1334,132.8746,1.328746,Dambo area/agriculture
1335,108.629722,1.086297,Forest Plantation
1336,286.252491,2.862525,Forest
1337,630.674878,6.306749,Bare Land
1338,29.172053,0.291721,Agriculture/settlement
1339,19816.779647,198.167796,Forest
1340,80.347112,0.803471,Dambo area/agriculture
1341,130.009322,1.300093,Dambo area/agriculture
1342,6503.384172,65.033842,Agriculture in forest area
1343,99.401281,0.994013,Dambo area/agriculture
1344,496.370434,4.963704,Built-up area
1345,72.891009,0.72891,Forest Plantation
1346,235.386638,2.353866,Dambo area/agriculture
1347,53.033366,0.530334,Forest
1348,338.370331,3.383703,Forest
1349,374.955656,3.749557,Agriculture in forest area
1350,3724.388,37.24388,Agriculture/settlement
1351,123.554091,1.235541,Forest Plantation
1352,2969.702556,29.697026,Dambo area/agriculture
1353,811.680597,8.116806,Agriculture/settlement
1354,2502.291431,25.022914,Agriculture/settlement
1355,161.915181,1.619152,Dambo area/agriculture
1356,541.690856,5.416909,Forest
1357,63.480878,0.634809,Agriculture in forest area
1358,82.858309,0.828583,Agriculture in forest area
1359,927.366281,9.273663,Dambo area/agriculture
1360,4.632375,0.046324,Agriculture in forest area
1361,43.684109,0.436841,Agriculture in forest area
1362,235.126788,2.351268,Bare Land
1363,771.292841,7.712928,Agriculture/settlement
1364,168.901847,1.689018,Agriculture/settlement
1365,22483.520056,224.835201,Agriculture in forest area
1366,142.11575,1.421158,Agriculture in forest area
1367,413.191991,4.13192,Dambo area/agriculture
1368,750.7114,7.507114,Dambo area/agriculture
1369,32.963172,0.329632,Dambo area/agriculture
1370,647.271625,6.472716,Forest
1371,0.337162,0.003372,Agriculture in forest area
1372,133.941091,1.339411,Grass/Scrub
1373,2132.081384,21.320814,Forest
1374,462.227128,4.622271,Agriculture/settlement
1375,167.298016,1.67298,Forest
1376,918.735728,9.187357,Dambo area/agriculture
1377,1185.566556,11.855666,Grass/Scrub
1378,715.008081,7.150081,Agriculture/settlement
1379,2907.071491,29.070715,Forest
1380,199.920391,1.999204,Dambo area/agriculture
1381,84.692706,0.846927,Forest Plantation
1382,323.335678,3.233357,Dambo area/agriculture
1383,398.559481,3.985595,Dambo area/agriculture
1384,706.201325,7.062013,Agriculture in forest area
1385,116.203734,1.162037,Dambo area/agriculture
1386,1008.421572,10.084216,Agriculture/settlement
1387,149.776644,1.497766,Agriculture/settlement
1388,75.728159,0.757282,Dambo area/agriculture
1389,15.128181,0.151282,Dambo area/agriculture
1390,4683.949316,46.839493,Forest
1391,481.208788,4.812088,Forest
1392,46.112725,0.461127,Forest Plantation
1393,202.0755,2.020755,Agriculture in forest area
1394,206.662422,2.066624,Agriculture/settlement
1395,474.234459,4.742345,Dambo area/agriculture
1396,42.113609,0.421136,Agriculture in forest area
1397,576.735259,5.767353,Dambo area/agriculture
1398,246.749697,2.467497,Agriculture in forest area
1399,201.198784,2.011988,Dambo area/agriculture
1400,152.244106,1.522441,Grass/Scrub
1401,699.608022,6.99608,Agriculture in forest area
1402,2032.483848,20.324838,Dambo area/agriculture
1403,39.143919,0.391439,Dambo area/agriculture
1404,175.822278,1.758223,Dambo area/agriculture
1405,29.600966,0.29601,Agriculture/settlement
1406,324.100253,3.241003,Agriculture/settlement
1407,45.424453,0.454245,Agriculture/settlement
1408,3312.856431,33.128564,Forest
1409,102.691744,1.026917,Agriculture/settlement
1410,1.283634,0.012836,Agriculture/settlement
1411,3577.179992,35.7718,Forest
1412,329.616847,3.296168,Forest
1413,2560.430977,25.60431,Forest
1414,96.433513,0.964335,Grass/Scrub
1415,1044.603889,10.446039,Dambo area/agriculture
1416,201.517009,2.01517,Agriculture in forest area
1417,558.402578,5.584026,Agriculture/settlement
1418,149.195784,1.491958,Dambo area/agriculture
1419,388.777019,3.88777,Forest
1420,1242.735888,12.427359,Forest
1421,1048.131609,10.481316,Dambo area/agriculture
1422,493.701719,4.937017,Forest
1423,581.284297,5.812843,Agriculture in forest area
1424,194.486272,1.944863,Forest Plantation
1425,289.148759,2.891488,Agriculture in forest area
1426,224.438528,2.244385,Agriculture/settlement
1427,65.848769,0.658488,Dambo area/agriculture
1428,495.403039,4.95403,Forest
1429,5979.221798,59.792218,Forest
1430,258.120808,2.581208,Forest
1431,454.007606,4.540076,Forest
1432,1068.361869,10.683619,Forest
1433,51266.180256,512.661803,Forest
1434,2535.013867,25.350139,Forest
1435,114.703383,1.147034,Agriculture/settlement
1436,5495.506688,54.955067,Forest
1437,110.043166,1.100432,Dambo area/agriculture
1438,67.972289,0.679723,Forest
1439,91.990356,0.919904,Agriculture/settlement
1440,89.594525,0.895945,Agriculture/settlement
1441,75.102736,0.751027,Dambo area/agriculture
1442,181.828014,1.81828,Dambo area/agriculture
1443,571.490598,5.714906,Forest
1444,13895.665369,138.956654,Agriculture in forest area
1445,1414.322128,14.143221,Forest
1446,315.327497,3.153275,Dambo area/agriculture
1447,634.53892,6.345389,Dambo area/agriculture
1448,339.635419,3.396354,Dambo area/agriculture
1449,469.428506,4.694285,Dambo area/agriculture
1450,11011.607416,110.116074,Water surface
1451,144.610858,1.446109,Forest
1452,724.975997,7.24976,Forest
1453,229.917611,2.299176,Dambo area/agriculture
1454,9274.309256,92.743093,Dambo area/agriculture
1455,543.730214,5.437302,Dambo area/agriculture
1456,342.502633,3.425026,Forest
1457,332.11698,3.32117,Dambo area/agriculture
1458,506.770913,5.067709,Dambo area/agriculture
1459,411.735173,4.117352,Dambo area/agriculture
1460,1114.213005,11.14213,Dambo area/agriculture
1461,180.433198,1.804332,Forest
1462,280.763438,2.807634,Dambo area/agriculture
1463,2689.734928,26.897349,Dambo area/agriculture
1464,160.974569,1.609746,Dambo area/agriculture
1465,1715.918528,17.159185,Dambo area/agriculture
1466,4304.380508,43.043805,Forest
1467,434.012119,4.340121,Agriculture in forest area
1468,98.923552,0.989236,Dambo area/agriculture
1469,133.127675,1.331277,Bare Land
1470,2403.02095,24.03021,Dambo area/agriculture
1471,3337.716217,33.377162,Dambo area/agriculture
1472,217.882433,2.178824,Dambo area/agriculture
1473,2316.067761,23.160678,Forest
1474,87.451758,0.874518,Dambo area/agriculture
1475,67.088763,0.670888,Dambo area/agriculture
1476,860.942394,8.609424,Dambo area/agriculture
1477,830.712255,8.307123,Dambo area/agriculture
1478,130.346006,1.30346,Dambo area/agriculture
1479,1239.591777,12.395918,Agriculture in forest area
1480,51.804991,0.51805,Water surface
1481,5530.238184,55.302382,Forest
1482,1663.2416,16.632416,Dambo area/agriculture
1483,870.786023,8.70786,Agriculture/settlement
1484,1011.706617,10.117066,Dambo area/agriculture
1485,841.083122,8.410831,Agriculture/settlement
1486,3138.623644,31.386236,Forest
1487,3115.564173,31.155642,Forest Plantation
1488,59.021233,0.590212,Bare Land
1489,493.580816,4.935808,Forest
1490,37.417812,0.374178,Dambo area/agriculture
1491,189.721727,1.897217,Bare Land
1492,1825.809428,18.258094,Agriculture in forest area
1493,115.617803,1.156178,Bare Land
1494,163.077183,1.630772,Dambo area/agriculture
1495,196.208394,1.962084,Dambo area/agriculture
1496,63.429995,0.6343,Dambo area/agriculture
1497,45811.683481,458.116835,Dambo area/agriculture
1498,187.896934,1.878969,Dambo area/agriculture
1499,858.502512,8.585025,Built-up area
1500,781.372684,7.813727,Dambo area/agriculture
1501,97.228134,0.972281,Dambo area/agriculture
1502,1648.993997,16.48994,Forest
1503,126773.841554,1267.738416,Water surface
1504,85.494994,0.85495,Water surface
1505,932.899108,9.328991,Forest
1506,7509.746167,75.097462,Agriculture/settlement
1507,224186.592571,2241.865926,Agriculture in forest area
1508,2786.087766,27.860878,Dambo area/agriculture
1509,1406.721452,14.067215,Dambo area/agriculture
1510,96.951853,0.969519,Dambo area/agriculture
1511,23780.3345,237.803345,Forest
1512,45.4135,0.454135,Dambo area/agriculture
1513,183.823672,1.838237,Forest Plantation
1514,1105.193303,11.051933,Agriculture/settlement
1515,28819.634722,288.196347,Forest
1516,5697.257494,56.972575,Shrub
1517,478.701622,4.787016,Dambo area/agriculture
1518,417.307838,4.173078,Dambo area/agriculture
1519,386.426112,3.864261,Forest Plantation
1520,82.626578,0.826266,Forest Plantation
1521,107.053566,1.070536,Forest Plantation
1522,82.85995,0.8286,Forest Plantation
1523,29.572847,0.295728,Forest Plantation
1524,146.191694,1.461917,Forest Plantation
1525,1764.623638,17.646236,Agriculture/settlement
1526,381.912787,3.819128,Forest
1527,10148.07985,101.480799,Forest
1528,220.381084,2.203811,Forest Plantation
1529,441.561684,4.415617,Dambo area/agriculture
1530,29.207944,0.292079,Dambo area/agriculture
1531,136.340487,1.363405,Dambo area/agriculture
1532,22.269191,0.222692,Dambo area/agriculture
1533,206.988791,2.069888,Forest Plantation
1534,3163.701275,31.637013,Grass/Scrub
1535,1152.998789,11.529988,Dambo area/agriculture
1536,288.276983,2.88277,Agriculture/settlement
1537,810.611597,8.106116,Forest
1538,1748.104616,17.481046,Dambo area/agriculture
1539,70.718581,0.707186,Dambo area/agriculture
1540,237.359838,2.373598,Water surface
1541,33.224966,0.33225,Dambo area/agriculture
1542,3931.134228,39.311342,Dambo area/agriculture
1543,499.642547,4.996425,Forest
1544,3479.534191,34.795342,Forest
1545,6223.991544,62.239915,Forest Plantation
1546,293.396462,2.933965,Agriculture/settlement
1547,240.261875,2.402619,Forest
1548,2787.934897,27.879349,Agriculture in forest area
1549,195.505916,1.955059,Dambo area/agriculture
1550,692.632972,6.92633,Agriculture in forest area
1551,1020.194928,10.201949,Dambo area/agriculture
1552,222.630194,2.226302,Forest
1553,7105.860492,71.058605,Agriculture/settlement
1554,18.857937,0.188579,Dambo area/agriculture
1555,999.976194,9.999762,Agriculture/settlement
1556,2685.668113,26.856681,Agriculture/settlement
1557,1389.814197,13.898142,Built-up area
1558,509.228763,5.092288,Forest
1559,96.535213,0.965352,Forest Plantation
1560,270.587978,2.70588,Forest
1561,5868.632581,58.686326,Forest
1562,1679.012803,16.790128,Forest
1563,774.763903,7.747639,Agriculture in forest area
1564,63.784047,0.63784,Forest Plantation
1565,69.687406,0.696874,Forest Plantation
1566,446.815612,4.468156,Dambo area/agriculture
1567,64.853684,0.648537,Forest Plantation
1568,178.657097,1.786571,Forest Plantation
1569,488.22185,4.882218,Agriculture/settlement
1570,674.586738,6.745867,Agriculture/settlement
1571,430.761312,4.307613,Forest
1572,762.850312,7.628503,Bare Land
1573,57340.106184,573.401062,Forest
1574,21.804753,0.218048,Forest Plantation
1575,200.074437,2.000744,Bare Land
1576,1058.029728,10.580297,Agriculture/settlement
1577,31.492856,0.314929,Forest Plantation
1578,59.700525,0.597005,Forest Plantation
1579,739.643231,7.396432,Bare Land
1580,212.318934,2.123189,Forest Plantation
1581,15667.446238,156.674462,Agriculture/settlement
1582,778.821903,7.788219,Agriculture/settlement
1583,205.068734,2.050687,Forest
1584,1209.180644,12.091806,Forest
1585,1172.465113,11.724651,Agriculture in forest area
1586,165.055563,1.650556,Forest
1587,632.531169,6.325312,Forest
1588,176.201884,1.762019,Agriculture/settlement
1589,87019.616116,870.196161,Forest
1590,133.10255,1.331026,Agriculture/settlement
1591,329.317425,3.293174,Forest
1592,1572.560534,15.725605,Forest
1593,506.650638,5.066506,Agriculture Plantation
1594,273.920394,2.739204,Dambo area/agriculture
1595,5026.40717,50.264072,Forest
1596,1632.757777,16.327578,Water surface
1597,228.637056,2.286371,Agriculture Plantation
1598,187.014381,1.870144,Agriculture/settlement
1599,4513.316284,45.133163,Agriculture/settlement
1600,1389.727181,13.897272,Forest
1601,32.930544,0.329305,Forest Plantation
1602,70802.969294,708.029693,Agriculture in forest area
1603,1133.090327,11.330903,Forest
1604,1072.833678,10.728337,Forest
1605,96.071125,0.960711,Agriculture/settlement
1606,1047.391481,10.473915,Agriculture in forest area
1607,62.003912,0.620039,Agriculture/settlement
1608,101.847644,1.018476,Agriculture/settlement
1609,2634.759806,26.347598,Forest
1610,155.228572,1.552286,Forest
1611,43.388931,0.433889,Bare Land
1612,8025.826575,80.258266,Built-up area
1613,163.173313,1.631733,Forest
1614,78.737875,0.787379,Forest Plantation
1615,1331.084184,13.310842,Forest Plantation
1616,242.413569,2.424136,Forest Plantation
1617,31.065353,0.310654,Water surface
1618,4056.677378,40.566774,Agriculture/settlement
1619,328.371769,3.283718,Agriculture/settlement
1620,392.9906,3.929906,Forest
1621,1424.458491,14.244585,Forest Plantation
1622,153.258866,1.532589,Forest
1623,106.464931,1.064649,Forest Plantation
1624,15973.222941,159.732229,Forest
1625,235.766809,2.357668,Forest
1626,812.643444,8.126434,Forest Plantation
1627,237.272559,2.372726,Forest
1628,213.643594,2.136436,Forest
1629,2039.935134,20.399351,Forest
1630,450.747928,4.507479,Forest
1631,500.023325,5.000233,Forest
1632,785.962831,7.859628,Forest
1633,563.340956,5.63341,Agriculture/settlement
1634,30.078884,0.300789,Bare Land
1635,349.707659,3.497077,Forest
1636,30039.510705,300.395107,Forest
1637,57.204206,0.572042,Forest Plantation
1638,4981.7499,49.817499,Agriculture/settlement
1639,293.44475,2.934448,Forest
1640,1246.630806,12.466308,Dambo area/agriculture
1641,258.273269,2.582733,Forest Plantation
1642,595.750616,5.957506,Forest Plantation
1643,118.021569,1.180216,Forest
1644,108.485775,1.084858,Bare Land
1645,3919.780184,39.197802,Agriculture in mainly grass area
1646,282.491034,2.82491,Forest Plantation
1647,810.047531,8.100475,Forest Plantation
1648,12436.772906,124.367729,Grass/Scrub
1649,577.922309,5.779223,Agriculture/settlement
1650,2754.020138,27.540201,Forest
1651,24.839044,0.24839,Dambo area/agriculture
1652,5561.919739,55.619197,Forest
1653,420.137466,4.201375,Forest Plantation
1654,150.555637,1.505556,Forest
1655,115.652338,1.156523,Grass/Scrub
1656,554.576291,5.545763,Forest Plantation
1657,54.518884,0.545189,Forest
1658,155.769528,1.557695,Bare Land
1659,213.778822,2.137788,Forest Plantation
1660,484.582269,4.845823,Grass/Scrub
1661,391.732463,3.917325,Grass/Scrub
1662,1195.536972,11.95537,Bare Land
1663,146.806109,1.468061,Forest
1664,39.955875,0.399559,Dambo area/agriculture
1665,580.553619,5.805536,Agriculture Plantation
1666,594.111072,5.941111,Agriculture in forest area
1667,27748.510923,277.485109,Agriculture/settlement
1668,404.764037,4.04764,Agriculture/settlement
1669,2097.496209,20.974962,Bare Land
1670,409.394916,4.093949,Forest
1671,184.999994,1.85,Bare Land
1672,493.869722,4.938697,Bare Land
1673,304.010519,3.040105,Agriculture Plantation
1674,777.111759,7.771118,Forest Plantation
1675,458.573056,4.585731,Forest Plantation
1676,2275.601634,22.756016,Agriculture in forest area
1677,314.975914,3.149759,Water surface
1678,48.373209,0.483732,Grass/Scrub
1679,641.882272,6.418823,Forest Plantation
1680,6409.257661,64.092577,Dambo area/agriculture
1681,409.115631,4.091156,Agriculture Plantation
1682,10298.262791,102.982628,Agriculture Plantation
1683,1613.184416,16.131844,Forest
1684,150.602306,1.506023,Agriculture/settlement
1685,68.532625,0.685326,Dambo area/agriculture
1686,1685.242034,16.85242,Agriculture/settlement
1687,1476.321178,14.763212,Bare Land
1688,157.771075,1.577711,Agriculture Plantation
1689,1483.233556,14.832336,Agriculture in mainly grass area
1690,106.03105,1.06031,Bare Land
1691,140.627972,1.40628,Agriculture Plantation
1692,86.080028,0.8608,Forest Plantation
1693,1790.160377,17.901604,Agriculture Plantation
1694,3369.39548,33.693955,Forest
1695,1291.737698,12.917377,Bare Land
1696,24.184009,0.24184,Dambo area/agriculture
1697,20849.9959,208.499959,Agriculture Plantation
1698,722.942811,7.229428,Agriculture Plantation
1699,22755.807325,227.558073,Forest
1700,106.543456,1.065435,Forest Plantation
1701,83.482684,0.834827,Dambo area/agriculture
1702,341.027316,3.410273,Grass/Scrub
1703,1107.023667,11.070237,Grass/Scrub
1704,8067.754433,80.677544,Agriculture/settlement
1705,131.219156,1.312192,Bare Land
1706,260.871809,2.608718,Forest Plantation
1707,1949.562692,19.495627,Forest Plantation
1708,128.63445,1.286345,Dambo area/agriculture
1709,9169.345553,91.693456,Agriculture Plantation
1710,260.534975,2.60535,Bare Land
1711,134.924159,1.349242,Forest Plantation
1712,50.49055,0.504906,Forest Plantation
1713,55914.396969,559.14397,Dambo area/agriculture
1714,112.108916,1.121089,Grass/Scrub
1715,302.614286,3.026143,Agriculture/settlement
1716,298.054292,2.980543,Dambo area/agriculture
1717,220.778644,2.207786,Bare Land
1718,27310.979006,273.10979,Agriculture in mainly grass area
1719,114.003711,1.140037,Forest Plantation
1720,1951.172684,19.511727,Agriculture/settlement
1721,279.934694,2.799347,Grass/Scrub
1722,211.499613,2.114996,Agriculture Plantation
1723,279.706747,2.797067,Forest Plantation
1724,366.395934,3.663959,Bare Land
1725,284.46155,2.844616,Forest Plantation
1726,23.831575,0.238316,Forest
1727,615.285294,6.152853,Agriculture/settlement
1728,94.848434,0.948484,Forest Plantation
1729,837.200275,8.372003,Forest
1730,210.831725,2.108317,Agriculture in mainly grass area
1731,78.885341,0.788853,Agriculture Plantation
1732,268.849947,2.688499,Agriculture/settlement
1733,793.509766,7.935098,Agriculture Plantation
1734,100.191447,1.001914,Agriculture Plantation
1735,152.357234,1.523572,Agriculture Plantation
1736,367.342166,3.673422,Agriculture/settlement
1737,514.185578,5.141856,Agriculture/settlement
1738,157.700022,1.577,Agriculture Plantation
1739,668.323528,6.683235,Agriculture Plantation
1740,48.745884,0.487459,Forest
1741,602.141088,6.021411,Agriculture Plantation
1742,156.679538,1.566795,Agriculture Plantation
1743,518.352766,5.183528,Agriculture Plantation
1744,837.348197,8.373482,Dambo area/agriculture
1745,6139.492834,61.394928,Agriculture in forest area
1746,173.0401,1.730401,Agriculture Plantation
1747,1848.114337,18.481143,Forest Plantation
1748,141.003381,1.410034,Agriculture Plantation
1749,1912.084722,19.120847,Agriculture in forest area
1750,1168.561334,11.685613,Agriculture Plantation
1751,755.702303,7.557023,Dambo area/agriculture
1752,15055.240947,150.552409,Forest
1753,530.405194,5.304052,Agriculture Plantation
1754,110.271028,1.10271,Forest Plantation
1755,264.507678,2.645077,Forest Plantation
1756,2708.937141,27.089371,Forest
1757,287.156509,2.871565,Forest
1758,2261.735688,22.617357,Agriculture/settlement
1759,787.146897,7.871469,Shrub
1760,36.125903,0.361259,Shrub
1761,146.781441,1.467814,Forest
1762,48.151875,0.481519,Forest
1763,71912.319692,719.123197,Forest
1764,311.609309,3.116093,Agriculture Plantation
1765,461.632244,4.616322,Agriculture/settlement
1766,94.186787,0.941868,Shrub
1767,4.083403,0.040834,Forest
1768,47.075866,0.470759,Forest
1769,9.305222,0.093052,Forest
1770,10041.68335,100.416834,Forest
1771,0.649544,0.006495,Dambo area/agriculture
1772,33.343906,0.333439,Dambo area/agriculture
1773,99.326064,0.993261,Dambo area/agriculture
1774,148.924784,1.489248,Dambo area/agriculture
1775,327.120269,3.271203,Dambo area/agriculture
1776,215.835153,2.158352,Dambo area/agriculture
1777,51.690452,0.516905,Dambo area/agriculture
1778,5657.769023,56.57769,Agriculture in forest area
1779,16120.042645,161.200426,Forest
1780,41.514925,0.415149,Dambo area/agriculture
1781,18659.13562,186.591356,Dambo area/agriculture
1782,315.312634,3.153126,Agriculture in forest area
1783,832.417325,8.324173,Forest
1784,58.087181,0.580872,Agriculture in forest area
1785,16156.848938,161.568489,Agriculture in forest area
